{
    "meta": {
        "doctor": {
            "lastName": "Solberg"
        },
        "clinic": {
            "email": "clinic@clinicname.com",
            "phone": "305-555-1312"
        },
        "client": {
            "firstName": "Jane"
        },
        "patient": {
            "name": "Dido",
            "sex": "Female",
            "species": "Feline"
        }
    },
    "report": {
        "id": "low",
        "date": "01/01/13",
        "followup": 1,
        "approval": {
            "doctorComment": "Dido's blood work came back as expected with one little twist. Looks like Dido may have a heartworm Infection. She's young and I saw no overt health issues so I know we caught it early.",
            "nextStepsComment": "We need to see Dido back this week so we can discuss treatment options for her Heartworm Infection. We will want to do an X ray first and based on what we find we can pick the best possibe treatment."
        },
        "tests": [
            {
                "id": "superchemistry-low",
                "type": "superchemistry",
                "testEndpoint": "data/test/superchemistry-low.json"
            },
            {
                "id": "cbc-low",
                "type": "cbc_32",
                "testEndpoint": "data/test/cbc-low.json"
            },
            {
                "id": "accuplex-low",
                "type": "accuplex",
                "testEndpoint": "data/test/accuplex-low.json"
            },
            {
                "id": "heartworm-low",
                "type": "heartworm1",
                "testEndpoint": "data/test/heartworm-low.json"
            },
            {
                "id": "t4-low",
                "type": "t4",
                "testEndpoint": "data/test/t4-low.json"
            },
            {
                "id": "urine-low",
                "type": "urine1",
                "testEndpoint": "data/test/ua-low.json"
            },
            {
                "id": "ova-low",
                "type": "ova",
                "testEndpoint": "data/test/ova-low.json"
            },
            {
                "id": "flv-low",
                "type": "fiv",
                "testEndpoint": "data/test/fiv-low.json"
            },
            {
                "id": "felv-low",
                "type": "felv",
                "testEndpoint": "data/test/felv-low.json"
            }
        ]
    }
}